sanctuary,nms,lyr,val,var,time
Monterey Bay,MBNMS,analysed_sst|1985-05-31 12:00:00,13.14939672823697,analysed_sst,1985-05-31T12:00:00Z
Monterey Bay,MBNMS,analysed_sst|1985-06-01 12:00:00,13.34269163027369,analysed_sst,1985-06-01T12:00:00Z
Monterey Bay,MBNMS,analysed_sst|1985-06-02 12:00:00,13.394574962142274,analysed_sst,1985-06-02T12:00:00Z
Monterey Bay,MBNMS,analysed_sst|1985-06-03 12:00:00,13.322330263518246,analysed_sst,1985-06-03T12:00:00Z
Monterey Bay,MBNMS,analysed_sst|1985-06-04 12:00:00,13.52910534098702,analysed_sst,1985-06-04T12:00:00Z
Monterey Bay,MBNMS,analysed_sst|1985-06-05 12:00:00,13.042896044430917,analysed_sst,1985-06-05T12:00:00Z
Monterey Bay,MBNMS,analysed_sst|1985-06-06 12:00:00,13.363521830460611,analysed_sst,1985-06-06T12:00:00Z
Monterey Bay,MBNMS,analysed_sst|1985-06-07 12:00:00,13.219580021345061,analysed_sst,1985-06-07T12:00:00Z
Monterey Bay,MBNMS,analysed_sst|1985-06-08 12:00:00,13.247657507383973,analysed_sst,1985-06-08T12:00:00Z
Monterey Bay,MBNMS,analysed_sst|1985-06-09 12:00:00,13.109040229788699,analysed_sst,1985-06-09T12:00:00Z
Monterey Bay,MBNMS,analysed_sst|1985-06-10 12:00:00,12.936684662737388,analysed_sst,1985-06-10T12:00:00Z
Monterey Bay,MBNMS,analysed_sst|1985-06-11 12:00:00,12.878921487374274,analysed_sst,1985-06-11T12:00:00Z
Monterey Bay,MBNMS,analysed_sst|1985-06-12 12:00:00,12.98928950890855,analysed_sst,1985-06-12T12:00:00Z
Monterey Bay,MBNMS,analysed_sst|1985-06-13 12:00:00,13.205372467550438,analysed_sst,1985-06-13T12:00:00Z
Monterey Bay,MBNMS,analysed_sst|1985-06-14 12:00:00,13.066820423048906,analysed_sst,1985-06-14T12:00:00Z
Monterey Bay,MBNMS,analysed_sst|1985-06-15 12:00:00,12.57013359497742,analysed_sst,1985-06-15T12:00:00Z
Monterey Bay,MBNMS,analysed_sst|1985-06-16 12:00:00,12.707352815883828,analysed_sst,1985-06-16T12:00:00Z
Monterey Bay,MBNMS,analysed_sst|1985-06-17 12:00:00,12.684266656035277,analysed_sst,1985-06-17T12:00:00Z
Monterey Bay,MBNMS,analysed_sst|1985-06-18 12:00:00,12.96533086171988,analysed_sst,1985-06-18T12:00:00Z
Monterey Bay,MBNMS,analysed_sst|1985-06-19 12:00:00,13.190008279253416,analysed_sst,1985-06-19T12:00:00Z
Monterey Bay,MBNMS,analysed_sst|1985-06-20 12:00:00,13.329445906913543,analysed_sst,1985-06-20T12:00:00Z
Monterey Bay,MBNMS,analysed_sst|1985-06-21 12:00:00,13.444134026135817,analysed_sst,1985-06-21T12:00:00Z
Monterey Bay,MBNMS,analysed_sst|1985-06-22 12:00:00,13.578425653495048,analysed_sst,1985-06-22T12:00:00Z
Monterey Bay,MBNMS,analysed_sst|1985-06-23 12:00:00,13.773433573013076,analysed_sst,1985-06-23T12:00:00Z
Monterey Bay,MBNMS,analysed_sst|1985-06-24 12:00:00,13.929617866893784,analysed_sst,1985-06-24T12:00:00Z
Monterey Bay,MBNMS,analysed_sst|1985-06-25 12:00:00,14.207623361901012,analysed_sst,1985-06-25T12:00:00Z
Monterey Bay,MBNMS,analysed_sst|1985-06-26 12:00:00,14.623831240369997,analysed_sst,1985-06-26T12:00:00Z
Monterey Bay,MBNMS,analysed_sst|1985-06-27 12:00:00,14.708671548863729,analysed_sst,1985-06-27T12:00:00Z
Monterey Bay,MBNMS,analysed_sst|1985-06-28 12:00:00,14.766270399141682,analysed_sst,1985-06-28T12:00:00Z
Monterey Bay,MBNMS,analysed_sst|1985-06-29 12:00:00,14.28484187239321,analysed_sst,1985-06-29T12:00:00Z
Monterey Bay,MBNMS,analysed_sst|1985-06-30 12:00:00,14.230809852240522,analysed_sst,1985-06-30T12:00:00Z
Monterey Bay,MBNMS,analysed_sst|1985-07-01 12:00:00,14.3783092395709,analysed_sst,1985-07-01T12:00:00Z
Monterey Bay,MBNMS,analysed_sst|1985-07-02 12:00:00,14.378871049842841,analysed_sst,1985-07-02T12:00:00Z
Monterey Bay,MBNMS,analysed_sst|1985-07-03 12:00:00,14.161911677584612,analysed_sst,1985-07-03T12:00:00Z
Monterey Bay,MBNMS,analysed_sst|1985-07-04 12:00:00,13.890694718554547,analysed_sst,1985-07-04T12:00:00Z
Monterey Bay,MBNMS,analysed_sst|1985-07-05 12:00:00,13.892527105053874,analysed_sst,1985-07-05T12:00:00Z
Monterey Bay,MBNMS,analysed_sst|1985-07-06 12:00:00,13.908058230832138,analysed_sst,1985-07-06T12:00:00Z
Monterey Bay,MBNMS,analysed_sst|1985-07-07 12:00:00,13.809352755284628,analysed_sst,1985-07-07T12:00:00Z
Monterey Bay,MBNMS,analysed_sst|1985-07-08 12:00:00,13.62613574156332,analysed_sst,1985-07-08T12:00:00Z
Monterey Bay,MBNMS,analysed_sst|1985-07-09 12:00:00,13.488803487136432,analysed_sst,1985-07-09T12:00:00Z
Monterey Bay,MBNMS,analysed_sst|1985-07-10 12:00:00,13.358284947209583,analysed_sst,1985-07-10T12:00:00Z
Monterey Bay,MBNMS,analysed_sst|1985-07-11 12:00:00,13.462916478602038,analysed_sst,1985-07-11T12:00:00Z
Monterey Bay,MBNMS,analysed_sst|1985-07-12 12:00:00,13.404204350389403,analysed_sst,1985-07-12T12:00:00Z
Monterey Bay,MBNMS,analysed_sst|1985-07-13 12:00:00,13.27932839433275,analysed_sst,1985-07-13T12:00:00Z
Monterey Bay,MBNMS,analysed_sst|1985-07-14 12:00:00,13.30189850078987,analysed_sst,1985-07-14T12:00:00Z
Monterey Bay,MBNMS,analysed_sst|1985-07-15 12:00:00,13.422292942552904,analysed_sst,1985-07-15T12:00:00Z
Monterey Bay,MBNMS,analysed_sst|1985-07-16 12:00:00,13.403696298838465,analysed_sst,1985-07-16T12:00:00Z
Monterey Bay,MBNMS,analysed_sst|1985-07-17 12:00:00,13.396680817820915,analysed_sst,1985-07-17T12:00:00Z
Monterey Bay,MBNMS,analysed_sst|1985-07-18 12:00:00,13.454615457679214,analysed_sst,1985-07-18T12:00:00Z
Monterey Bay,MBNMS,analysed_sst|1985-07-19 12:00:00,13.594731197594998,analysed_sst,1985-07-19T12:00:00Z
Monterey Bay,MBNMS,analysed_sst|1985-09-08 12:00:00,15.782119786881907,analysed_sst,1985-09-08T12:00:00Z
Monterey Bay,MBNMS,analysed_sst|1985-09-09 12:00:00,15.894063410645403,analysed_sst,1985-09-09T12:00:00Z
Monterey Bay,MBNMS,analysed_sst|1985-09-10 12:00:00,15.957159792219114,analysed_sst,1985-09-10T12:00:00Z
Monterey Bay,MBNMS,analysed_sst|1985-09-11 12:00:00,15.98609064167827,analysed_sst,1985-09-11T12:00:00Z
Monterey Bay,MBNMS,analysed_sst|1985-09-12 12:00:00,15.785001131021074,analysed_sst,1985-09-12T12:00:00Z
Monterey Bay,MBNMS,analysed_sst|1985-09-13 12:00:00,15.724213092330224,analysed_sst,1985-09-13T12:00:00Z
Monterey Bay,MBNMS,analysed_sst|1985-09-14 12:00:00,15.503205740887772,analysed_sst,1985-09-14T12:00:00Z
Monterey Bay,MBNMS,analysed_sst|1985-09-15 12:00:00,15.43539861044625,analysed_sst,1985-09-15T12:00:00Z
Monterey Bay,MBNMS,analysed_sst|1985-09-16 12:00:00,15.221680034807543,analysed_sst,1985-09-16T12:00:00Z
Monterey Bay,MBNMS,analysed_sst|1985-09-17 12:00:00,15.073009988787677,analysed_sst,1985-09-17T12:00:00Z
Monterey Bay,MBNMS,analysed_sst|1985-09-18 12:00:00,15.270908572484439,analysed_sst,1985-09-18T12:00:00Z
Monterey Bay,MBNMS,analysed_sst|1985-09-19 12:00:00,15.39966050559553,analysed_sst,1985-09-19T12:00:00Z
Monterey Bay,MBNMS,analysed_sst|1985-09-20 12:00:00,15.404510980120097,analysed_sst,1985-09-20T12:00:00Z
Monterey Bay,MBNMS,analysed_sst|1985-09-21 12:00:00,15.383843202507187,analysed_sst,1985-09-21T12:00:00Z
Monterey Bay,MBNMS,analysed_sst|1985-09-22 12:00:00,15.398693090668617,analysed_sst,1985-09-22T12:00:00Z
Monterey Bay,MBNMS,analysed_sst|1985-09-23 12:00:00,15.412894556596969,analysed_sst,1985-09-23T12:00:00Z
Monterey Bay,MBNMS,analysed_sst|1985-09-24 12:00:00,15.503398902134245,analysed_sst,1985-09-24T12:00:00Z
Monterey Bay,MBNMS,analysed_sst|1985-09-25 12:00:00,15.63530225588969,analysed_sst,1985-09-25T12:00:00Z
Monterey Bay,MBNMS,analysed_sst|1985-09-26 12:00:00,15.829652714237396,analysed_sst,1985-09-26T12:00:00Z
Monterey Bay,MBNMS,analysed_sst|1985-09-27 12:00:00,16.096563749150693,analysed_sst,1985-09-27T12:00:00Z
Monterey Bay,MBNMS,analysed_sst|1985-09-28 12:00:00,16.149910610639047,analysed_sst,1985-09-28T12:00:00Z
Monterey Bay,MBNMS,analysed_sst|1985-09-29 12:00:00,16.02838035154562,analysed_sst,1985-09-29T12:00:00Z
Monterey Bay,MBNMS,analysed_sst|1985-09-30 12:00:00,15.35364442616054,analysed_sst,1985-09-30T12:00:00Z
Monterey Bay,MBNMS,analysed_sst|1985-10-01 12:00:00,15.3102892373895,analysed_sst,1985-10-01T12:00:00Z
Monterey Bay,MBNMS,analysed_sst|1985-10-02 12:00:00,15.36276492140743,analysed_sst,1985-10-02T12:00:00Z
Monterey Bay,MBNMS,analysed_sst|1985-10-03 12:00:00,15.582529952210656,analysed_sst,1985-10-03T12:00:00Z
Monterey Bay,MBNMS,analysed_sst|1985-10-04 12:00:00,15.570804237614768,analysed_sst,1985-10-04T12:00:00Z
Monterey Bay,MBNMS,analysed_sst|1985-10-05 12:00:00,15.796959792644316,analysed_sst,1985-10-05T12:00:00Z
Monterey Bay,MBNMS,analysed_sst|1985-10-06 12:00:00,15.898527625385283,analysed_sst,1985-10-06T12:00:00Z
Monterey Bay,MBNMS,analysed_sst|1985-10-07 12:00:00,15.212470344030434,analysed_sst,1985-10-07T12:00:00Z
Monterey Bay,MBNMS,analysed_sst|1985-10-08 12:00:00,15.053908794675316,analysed_sst,1985-10-08T12:00:00Z
Monterey Bay,MBNMS,analysed_sst|1985-10-09 12:00:00,14.999734295747732,analysed_sst,1985-10-09T12:00:00Z
Monterey Bay,MBNMS,analysed_sst|1985-10-10 12:00:00,14.877430642589852,analysed_sst,1985-10-10T12:00:00Z
Monterey Bay,MBNMS,analysed_sst|1985-10-11 12:00:00,14.936824266020448,analysed_sst,1985-10-11T12:00:00Z
Monterey Bay,MBNMS,analysed_sst|1985-10-12 12:00:00,14.877579860378807,analysed_sst,1985-10-12T12:00:00Z
Monterey Bay,MBNMS,analysed_sst|1985-10-13 12:00:00,14.114565767789259,analysed_sst,1985-10-13T12:00:00Z
Monterey Bay,MBNMS,analysed_sst|1985-10-14 12:00:00,14.248062831768207,analysed_sst,1985-10-14T12:00:00Z
Monterey Bay,MBNMS,analysed_sst|1985-10-15 12:00:00,14.256549344164053,analysed_sst,1985-10-15T12:00:00Z
Monterey Bay,MBNMS,analysed_sst|1985-10-16 12:00:00,14.365609439252609,analysed_sst,1985-10-16T12:00:00Z
Monterey Bay,MBNMS,analysed_sst|1985-10-17 12:00:00,14.012343577423966,analysed_sst,1985-10-17T12:00:00Z
Monterey Bay,MBNMS,analysed_sst|1985-10-18 12:00:00,13.936561703812187,analysed_sst,1985-10-18T12:00:00Z
Monterey Bay,MBNMS,analysed_sst|1985-10-19 12:00:00,14.127597854176578,analysed_sst,1985-10-19T12:00:00Z
Monterey Bay,MBNMS,analysed_sst|1985-10-20 12:00:00,14.216065146693145,analysed_sst,1985-10-20T12:00:00Z
Monterey Bay,MBNMS,analysed_sst|1985-10-21 12:00:00,14.226104012628747,analysed_sst,1985-10-21T12:00:00Z
Monterey Bay,MBNMS,analysed_sst|1985-10-22 12:00:00,14.240056903174251,analysed_sst,1985-10-22T12:00:00Z
Monterey Bay,MBNMS,analysed_sst|1985-10-23 12:00:00,14.311229901210611,analysed_sst,1985-10-23T12:00:00Z
Monterey Bay,MBNMS,analysed_sst|1985-10-24 12:00:00,14.43342108005459,analysed_sst,1985-10-24T12:00:00Z
Monterey Bay,MBNMS,analysed_sst|1985-10-25 12:00:00,14.335622922599846,analysed_sst,1985-10-25T12:00:00Z
Monterey Bay,MBNMS,analysed_sst|1985-10-26 12:00:00,14.09049807307091,analysed_sst,1985-10-26T12:00:00Z
Monterey Bay,MBNMS,analysed_sst|1985-10-27 12:00:00,13.842619246417051,analysed_sst,1985-10-27T12:00:00Z
Monterey Bay,MBNMS,analysed_sst|1985-02-20 12:00:00,11.9091870712316,analysed_sst,1985-02-20T12:00:00Z
Monterey Bay,MBNMS,analysed_sst|1985-02-21 12:00:00,11.819558419697508,analysed_sst,1985-02-21T12:00:00Z
Monterey Bay,MBNMS,analysed_sst|1985-02-22 12:00:00,11.857548057013739,analysed_sst,1985-02-22T12:00:00Z
Monterey Bay,MBNMS,analysed_sst|1985-02-23 12:00:00,11.955927139252113,analysed_sst,1985-02-23T12:00:00Z
Monterey Bay,MBNMS,analysed_sst|1985-02-24 12:00:00,11.922445028549424,analysed_sst,1985-02-24T12:00:00Z
Monterey Bay,MBNMS,analysed_sst|1985-02-25 12:00:00,11.81643267881055,analysed_sst,1985-02-25T12:00:00Z
Monterey Bay,MBNMS,analysed_sst|1985-02-26 12:00:00,11.585559581512122,analysed_sst,1985-02-26T12:00:00Z
Monterey Bay,MBNMS,analysed_sst|1985-02-27 12:00:00,11.813198849805584,analysed_sst,1985-02-27T12:00:00Z
Monterey Bay,MBNMS,analysed_sst|1985-02-28 12:00:00,11.887030494566707,analysed_sst,1985-02-28T12:00:00Z
Monterey Bay,MBNMS,analysed_sst|1985-03-01 12:00:00,11.826460451301722,analysed_sst,1985-03-01T12:00:00Z
Monterey Bay,MBNMS,analysed_sst|1985-03-02 12:00:00,11.065806798779938,analysed_sst,1985-03-02T12:00:00Z
Monterey Bay,MBNMS,analysed_sst|1985-03-03 12:00:00,11.149367429342535,analysed_sst,1985-03-03T12:00:00Z
Monterey Bay,MBNMS,analysed_sst|1985-03-04 12:00:00,11.546069743930309,analysed_sst,1985-03-04T12:00:00Z
Monterey Bay,MBNMS,analysed_sst|1985-03-05 12:00:00,11.611050451780216,analysed_sst,1985-03-05T12:00:00Z
Monterey Bay,MBNMS,analysed_sst|1985-03-06 12:00:00,11.828612428447052,analysed_sst,1985-03-06T12:00:00Z
Monterey Bay,MBNMS,analysed_sst|1985-03-07 12:00:00,11.851546513255343,analysed_sst,1985-03-07T12:00:00Z
Monterey Bay,MBNMS,analysed_sst|1985-03-08 12:00:00,11.320563063871806,analysed_sst,1985-03-08T12:00:00Z
Monterey Bay,MBNMS,analysed_sst|1985-03-09 12:00:00,11.2201462283377,analysed_sst,1985-03-09T12:00:00Z
Monterey Bay,MBNMS,analysed_sst|1985-03-10 12:00:00,11.193244845891051,analysed_sst,1985-03-10T12:00:00Z
Monterey Bay,MBNMS,analysed_sst|1985-03-11 12:00:00,11.508453407155685,analysed_sst,1985-03-11T12:00:00Z
Monterey Bay,MBNMS,analysed_sst|1985-03-12 12:00:00,11.69734749813119,analysed_sst,1985-03-12T12:00:00Z
Monterey Bay,MBNMS,analysed_sst|1985-03-13 12:00:00,11.685235960537915,analysed_sst,1985-03-13T12:00:00Z
Monterey Bay,MBNMS,analysed_sst|1985-03-14 12:00:00,11.777240548202007,analysed_sst,1985-03-14T12:00:00Z
Monterey Bay,MBNMS,analysed_sst|1985-03-15 12:00:00,11.842803782103443,analysed_sst,1985-03-15T12:00:00Z
Monterey Bay,MBNMS,analysed_sst|1985-03-16 12:00:00,11.789492078182008,analysed_sst,1985-03-16T12:00:00Z
Monterey Bay,MBNMS,analysed_sst|1985-03-17 12:00:00,11.818457892907938,analysed_sst,1985-03-17T12:00:00Z
Monterey Bay,MBNMS,analysed_sst|1985-03-18 12:00:00,11.566598008590889,analysed_sst,1985-03-18T12:00:00Z
Monterey Bay,MBNMS,analysed_sst|1985-03-19 12:00:00,11.494520476230905,analysed_sst,1985-03-19T12:00:00Z
Monterey Bay,MBNMS,analysed_sst|1985-03-20 12:00:00,11.446931419255927,analysed_sst,1985-03-20T12:00:00Z
Monterey Bay,MBNMS,analysed_sst|1985-03-21 12:00:00,11.358030781394495,analysed_sst,1985-03-21T12:00:00Z
Monterey Bay,MBNMS,analysed_sst|1985-03-22 12:00:00,11.135895269394911,analysed_sst,1985-03-22T12:00:00Z
Monterey Bay,MBNMS,analysed_sst|1985-03-23 12:00:00,10.954892740037762,analysed_sst,1985-03-23T12:00:00Z
Monterey Bay,MBNMS,analysed_sst|1985-03-24 12:00:00,10.855974053971709,analysed_sst,1985-03-24T12:00:00Z
Monterey Bay,MBNMS,analysed_sst|1985-03-25 12:00:00,10.665851585891591,analysed_sst,1985-03-25T12:00:00Z
Monterey Bay,MBNMS,analysed_sst|1985-03-26 12:00:00,10.744273579291454,analysed_sst,1985-03-26T12:00:00Z
Monterey Bay,MBNMS,analysed_sst|1985-03-27 12:00:00,10.789072966769352,analysed_sst,1985-03-27T12:00:00Z
Monterey Bay,MBNMS,analysed_sst|1985-03-28 12:00:00,10.824483517672522,analysed_sst,1985-03-28T12:00:00Z
Monterey Bay,MBNMS,analysed_sst|1985-03-29 12:00:00,10.65391336398192,analysed_sst,1985-03-29T12:00:00Z
Monterey Bay,MBNMS,analysed_sst|1985-03-30 12:00:00,10.551985603363429,analysed_sst,1985-03-30T12:00:00Z
Monterey Bay,MBNMS,analysed_sst|1985-03-31 12:00:00,10.560508899199975,analysed_sst,1985-03-31T12:00:00Z
Monterey Bay,MBNMS,analysed_sst|1985-04-01 12:00:00,10.849420205726442,analysed_sst,1985-04-01T12:00:00Z
Monterey Bay,MBNMS,analysed_sst|1985-04-02 12:00:00,10.81414873718216,analysed_sst,1985-04-02T12:00:00Z
Monterey Bay,MBNMS,analysed_sst|1985-04-03 12:00:00,11.062562026700341,analysed_sst,1985-04-03T12:00:00Z
Monterey Bay,MBNMS,analysed_sst|1985-04-04 12:00:00,10.853190229890478,analysed_sst,1985-04-04T12:00:00Z
Monterey Bay,MBNMS,analysed_sst|1985-04-05 12:00:00,10.597785054029849,analysed_sst,1985-04-05T12:00:00Z
Monterey Bay,MBNMS,analysed_sst|1985-04-06 12:00:00,10.665018278376142,analysed_sst,1985-04-06T12:00:00Z
Monterey Bay,MBNMS,analysed_sst|1985-04-07 12:00:00,10.982529258240287,analysed_sst,1985-04-07T12:00:00Z
Monterey Bay,MBNMS,analysed_sst|1985-04-08 12:00:00,11.120075999256684,analysed_sst,1985-04-08T12:00:00Z
Monterey Bay,MBNMS,analysed_sst|1985-04-09 12:00:00,11.343728654898001,analysed_sst,1985-04-09T12:00:00Z
Monterey Bay,MBNMS,analysed_sst|1985-04-10 12:00:00,11.497545339470381,analysed_sst,1985-04-10T12:00:00Z
Monterey Bay,MBNMS,analysed_sst|1985-10-28 12:00:00,13.726236675396953,analysed_sst,1985-10-28T12:00:00Z
Monterey Bay,MBNMS,analysed_sst|1985-10-29 12:00:00,13.554526451384621,analysed_sst,1985-10-29T12:00:00Z
Monterey Bay,MBNMS,analysed_sst|1985-10-30 12:00:00,13.329454138010705,analysed_sst,1985-10-30T12:00:00Z
Monterey Bay,MBNMS,analysed_sst|1985-10-31 12:00:00,13.22954990169856,analysed_sst,1985-10-31T12:00:00Z
Monterey Bay,MBNMS,analysed_sst|1985-11-01 12:00:00,13.116651696434731,analysed_sst,1985-11-01T12:00:00Z
Monterey Bay,MBNMS,analysed_sst|1985-11-02 12:00:00,13.04483448310773,analysed_sst,1985-11-02T12:00:00Z
Monterey Bay,MBNMS,analysed_sst|1985-11-03 12:00:00,13.047921259674856,analysed_sst,1985-11-03T12:00:00Z
Monterey Bay,MBNMS,analysed_sst|1985-11-04 12:00:00,13.278088414598797,analysed_sst,1985-11-04T12:00:00Z
Monterey Bay,MBNMS,analysed_sst|1985-11-05 12:00:00,13.036462814842452,analysed_sst,1985-11-05T12:00:00Z
Monterey Bay,MBNMS,analysed_sst|1985-11-06 12:00:00,13.0453451415956,analysed_sst,1985-11-06T12:00:00Z
Monterey Bay,MBNMS,analysed_sst|1985-11-07 12:00:00,12.831182643518222,analysed_sst,1985-11-07T12:00:00Z
Monterey Bay,MBNMS,analysed_sst|1985-11-08 12:00:00,12.793483139386456,analysed_sst,1985-11-08T12:00:00Z
Monterey Bay,MBNMS,analysed_sst|1985-11-09 12:00:00,12.761675805044906,analysed_sst,1985-11-09T12:00:00Z
Monterey Bay,MBNMS,analysed_sst|1985-11-10 12:00:00,12.190958787165314,analysed_sst,1985-11-10T12:00:00Z
Monterey Bay,MBNMS,analysed_sst|1985-11-11 12:00:00,11.860968599143407,analysed_sst,1985-11-11T12:00:00Z
Monterey Bay,MBNMS,analysed_sst|1985-11-12 12:00:00,11.971879558372887,analysed_sst,1985-11-12T12:00:00Z
Monterey Bay,MBNMS,analysed_sst|1985-11-13 12:00:00,12.071810597207971,analysed_sst,1985-11-13T12:00:00Z
Monterey Bay,MBNMS,analysed_sst|1985-11-14 12:00:00,12.034895419935031,analysed_sst,1985-11-14T12:00:00Z
Monterey Bay,MBNMS,analysed_sst|1985-11-15 12:00:00,12.021025861784524,analysed_sst,1985-11-15T12:00:00Z
Monterey Bay,MBNMS,analysed_sst|1985-11-16 12:00:00,12.232329635088945,analysed_sst,1985-11-16T12:00:00Z
Monterey Bay,MBNMS,analysed_sst|1985-11-17 12:00:00,12.321207715389017,analysed_sst,1985-11-17T12:00:00Z
Monterey Bay,MBNMS,analysed_sst|1985-11-18 12:00:00,12.463882767387647,analysed_sst,1985-11-18T12:00:00Z
Monterey Bay,MBNMS,analysed_sst|1985-11-19 12:00:00,12.00950530520576,analysed_sst,1985-11-19T12:00:00Z
Monterey Bay,MBNMS,analysed_sst|1985-11-20 12:00:00,11.644526456629256,analysed_sst,1985-11-20T12:00:00Z
Monterey Bay,MBNMS,analysed_sst|1985-11-21 12:00:00,11.789459677100178,analysed_sst,1985-11-21T12:00:00Z
Monterey Bay,MBNMS,analysed_sst|1985-11-22 12:00:00,11.9661744055905,analysed_sst,1985-11-22T12:00:00Z
Monterey Bay,MBNMS,analysed_sst|1985-11-23 12:00:00,11.850769806675755,analysed_sst,1985-11-23T12:00:00Z
Monterey Bay,MBNMS,analysed_sst|1985-11-24 12:00:00,11.929227182514023,analysed_sst,1985-11-24T12:00:00Z
Monterey Bay,MBNMS,analysed_sst|1985-11-25 12:00:00,11.664643903583158,analysed_sst,1985-11-25T12:00:00Z
Monterey Bay,MBNMS,analysed_sst|1985-11-26 12:00:00,11.859550000557645,analysed_sst,1985-11-26T12:00:00Z
Monterey Bay,MBNMS,analysed_sst|1985-11-27 12:00:00,11.958965313548115,analysed_sst,1985-11-27T12:00:00Z
Monterey Bay,MBNMS,analysed_sst|1985-11-28 12:00:00,12.258041628000937,analysed_sst,1985-11-28T12:00:00Z
Monterey Bay,MBNMS,analysed_sst|1985-11-29 12:00:00,12.22910500284464,analysed_sst,1985-11-29T12:00:00Z
Monterey Bay,MBNMS,analysed_sst|1985-11-30 12:00:00,12.00661481815407,analysed_sst,1985-11-30T12:00:00Z
Monterey Bay,MBNMS,analysed_sst|1985-12-01 12:00:00,12.05188060456492,analysed_sst,1985-12-01T12:00:00Z
Monterey Bay,MBNMS,analysed_sst|1985-12-02 12:00:00,12.36631784093303,analysed_sst,1985-12-02T12:00:00Z
Monterey Bay,MBNMS,analysed_sst|1985-12-03 12:00:00,12.388025453929538,analysed_sst,1985-12-03T12:00:00Z
Monterey Bay,MBNMS,analysed_sst|1985-12-04 12:00:00,12.23864279548224,analysed_sst,1985-12-04T12:00:00Z
Monterey Bay,MBNMS,analysed_sst|1985-12-05 12:00:00,12.217547471162833,analysed_sst,1985-12-05T12:00:00Z
Monterey Bay,MBNMS,analysed_sst|1985-12-06 12:00:00,12.076310912217346,analysed_sst,1985-12-06T12:00:00Z
Monterey Bay,MBNMS,analysed_sst|1985-12-07 12:00:00,12.502438657103921,analysed_sst,1985-12-07T12:00:00Z
Monterey Bay,MBNMS,analysed_sst|1985-12-08 12:00:00,12.569647087373225,analysed_sst,1985-12-08T12:00:00Z
Monterey Bay,MBNMS,analysed_sst|1985-12-09 12:00:00,12.454473965886555,analysed_sst,1985-12-09T12:00:00Z
Monterey Bay,MBNMS,analysed_sst|1985-12-10 12:00:00,12.187179754425406,analysed_sst,1985-12-10T12:00:00Z
Monterey Bay,MBNMS,analysed_sst|1985-12-11 12:00:00,12.241613125397723,analysed_sst,1985-12-11T12:00:00Z
Monterey Bay,MBNMS,analysed_sst|1985-12-12 12:00:00,12.206758566258985,analysed_sst,1985-12-12T12:00:00Z
Monterey Bay,MBNMS,analysed_sst|1985-12-13 12:00:00,11.93896740407045,analysed_sst,1985-12-13T12:00:00Z
Monterey Bay,MBNMS,analysed_sst|1985-12-14 12:00:00,11.75655115894889,analysed_sst,1985-12-14T12:00:00Z
Monterey Bay,MBNMS,analysed_sst|1985-12-15 12:00:00,12.125599840143085,analysed_sst,1985-12-15T12:00:00Z
Monterey Bay,MBNMS,analysed_sst|1985-12-16 12:00:00,12.29566625722992,analysed_sst,1985-12-16T12:00:00Z
Monterey Bay,MBNMS,analysed_sst|1985-12-17 12:00:00,12.386720179812349,analysed_sst,1985-12-17T12:00:00Z
Monterey Bay,MBNMS,analysed_sst|1985-12-18 12:00:00,12.423576738147979,analysed_sst,1985-12-18T12:00:00Z
Monterey Bay,MBNMS,analysed_sst|1985-12-19 12:00:00,12.363361556259932,analysed_sst,1985-12-19T12:00:00Z
Monterey Bay,MBNMS,analysed_sst|1985-12-20 12:00:00,12.293462830410347,analysed_sst,1985-12-20T12:00:00Z
Monterey Bay,MBNMS,analysed_sst|1985-12-21 12:00:00,12.283680013291393,analysed_sst,1985-12-21T12:00:00Z
Monterey Bay,MBNMS,analysed_sst|1985-12-22 12:00:00,12.266904670606044,analysed_sst,1985-12-22T12:00:00Z
Monterey Bay,MBNMS,analysed_sst|1985-12-23 12:00:00,12.429356092218656,analysed_sst,1985-12-23T12:00:00Z
Monterey Bay,MBNMS,analysed_sst|1985-12-24 12:00:00,12.479932796829706,analysed_sst,1985-12-24T12:00:00Z
Monterey Bay,MBNMS,analysed_sst|1985-12-25 12:00:00,12.946957192934748,analysed_sst,1985-12-25T12:00:00Z
Monterey Bay,MBNMS,analysed_sst|1985-12-26 12:00:00,12.964836333165756,analysed_sst,1985-12-26T12:00:00Z
Monterey Bay,MBNMS,analysed_sst|1985-12-27 12:00:00,12.922465643487516,analysed_sst,1985-12-27T12:00:00Z
Monterey Bay,MBNMS,analysed_sst|1985-12-28 12:00:00,12.892483864948552,analysed_sst,1985-12-28T12:00:00Z
Monterey Bay,MBNMS,analysed_sst|1985-12-29 12:00:00,12.756549989098197,analysed_sst,1985-12-29T12:00:00Z
Monterey Bay,MBNMS,analysed_sst|1985-12-30 12:00:00,12.908266319159514,analysed_sst,1985-12-30T12:00:00Z
Monterey Bay,MBNMS,analysed_sst|1985-12-31 12:00:00,12.959187150505414,analysed_sst,1985-12-31T12:00:00Z
Monterey Bay,MBNMS,analysed_sst|1985-07-20 12:00:00,13.60710335185242,analysed_sst,1985-07-20T12:00:00Z
Monterey Bay,MBNMS,analysed_sst|1985-07-21 12:00:00,13.615950259149933,analysed_sst,1985-07-21T12:00:00Z
Monterey Bay,MBNMS,analysed_sst|1985-07-22 12:00:00,13.659552761599226,analysed_sst,1985-07-22T12:00:00Z
Monterey Bay,MBNMS,analysed_sst|1985-07-23 12:00:00,13.780731549269866,analysed_sst,1985-07-23T12:00:00Z
Monterey Bay,MBNMS,analysed_sst|1985-07-24 12:00:00,13.95934755542143,analysed_sst,1985-07-24T12:00:00Z
Monterey Bay,MBNMS,analysed_sst|1985-07-25 12:00:00,14.004562645485132,analysed_sst,1985-07-25T12:00:00Z
Monterey Bay,MBNMS,analysed_sst|1985-07-26 12:00:00,13.988168140863031,analysed_sst,1985-07-26T12:00:00Z
Monterey Bay,MBNMS,analysed_sst|1985-07-27 12:00:00,13.987303141697973,analysed_sst,1985-07-27T12:00:00Z
Monterey Bay,MBNMS,analysed_sst|1985-07-28 12:00:00,14.137943545312705,analysed_sst,1985-07-28T12:00:00Z
Monterey Bay,MBNMS,analysed_sst|1985-07-29 12:00:00,14.259779214646302,analysed_sst,1985-07-29T12:00:00Z
Monterey Bay,MBNMS,analysed_sst|1985-07-30 12:00:00,14.440466771432233,analysed_sst,1985-07-30T12:00:00Z
Monterey Bay,MBNMS,analysed_sst|1985-07-31 12:00:00,14.880869723574541,analysed_sst,1985-07-31T12:00:00Z
Monterey Bay,MBNMS,analysed_sst|1985-08-01 12:00:00,14.780847815073527,analysed_sst,1985-08-01T12:00:00Z
Monterey Bay,MBNMS,analysed_sst|1985-08-02 12:00:00,14.584688153712518,analysed_sst,1985-08-02T12:00:00Z
Monterey Bay,MBNMS,analysed_sst|1985-08-03 12:00:00,14.508518769377478,analysed_sst,1985-08-03T12:00:00Z
Monterey Bay,MBNMS,analysed_sst|1985-08-04 12:00:00,14.735744499526211,analysed_sst,1985-08-04T12:00:00Z
Monterey Bay,MBNMS,analysed_sst|1985-08-05 12:00:00,14.819673635299187,analysed_sst,1985-08-05T12:00:00Z
Monterey Bay,MBNMS,analysed_sst|1985-08-06 12:00:00,14.844280286051406,analysed_sst,1985-08-06T12:00:00Z
Monterey Bay,MBNMS,analysed_sst|1985-08-07 12:00:00,14.841177395741676,analysed_sst,1985-08-07T12:00:00Z
Monterey Bay,MBNMS,analysed_sst|1985-08-08 12:00:00,14.812597664471317,analysed_sst,1985-08-08T12:00:00Z
Monterey Bay,MBNMS,analysed_sst|1985-08-09 12:00:00,14.66492899688354,analysed_sst,1985-08-09T12:00:00Z
Monterey Bay,MBNMS,analysed_sst|1985-08-10 12:00:00,14.458016157533253,analysed_sst,1985-08-10T12:00:00Z
Monterey Bay,MBNMS,analysed_sst|1985-08-11 12:00:00,14.632368312283479,analysed_sst,1985-08-11T12:00:00Z
Monterey Bay,MBNMS,analysed_sst|1985-08-12 12:00:00,14.998942331494005,analysed_sst,1985-08-12T12:00:00Z
Monterey Bay,MBNMS,analysed_sst|1985-08-13 12:00:00,15.486098842278249,analysed_sst,1985-08-13T12:00:00Z
Monterey Bay,MBNMS,analysed_sst|1985-08-14 12:00:00,15.436892291017978,analysed_sst,1985-08-14T12:00:00Z
Monterey Bay,MBNMS,analysed_sst|1985-08-15 12:00:00,15.429103561033212,analysed_sst,1985-08-15T12:00:00Z
Monterey Bay,MBNMS,analysed_sst|1985-08-16 12:00:00,15.291598023642159,analysed_sst,1985-08-16T12:00:00Z
Monterey Bay,MBNMS,analysed_sst|1985-08-17 12:00:00,15.573377474772352,analysed_sst,1985-08-17T12:00:00Z
Monterey Bay,MBNMS,analysed_sst|1985-08-18 12:00:00,15.918731849707907,analysed_sst,1985-08-18T12:00:00Z
Monterey Bay,MBNMS,analysed_sst|1985-08-19 12:00:00,15.824552005675125,analysed_sst,1985-08-19T12:00:00Z
Monterey Bay,MBNMS,analysed_sst|1985-08-20 12:00:00,15.620335747511591,analysed_sst,1985-08-20T12:00:00Z
Monterey Bay,MBNMS,analysed_sst|1985-08-21 12:00:00,15.455424835143758,analysed_sst,1985-08-21T12:00:00Z
Monterey Bay,MBNMS,analysed_sst|1985-08-22 12:00:00,15.362015830249712,analysed_sst,1985-08-22T12:00:00Z
Monterey Bay,MBNMS,analysed_sst|1985-08-23 12:00:00,15.713365455029031,analysed_sst,1985-08-23T12:00:00Z
Monterey Bay,MBNMS,analysed_sst|1985-08-24 12:00:00,15.657402087925863,analysed_sst,1985-08-24T12:00:00Z
Monterey Bay,MBNMS,analysed_sst|1985-08-25 12:00:00,15.591150295469117,analysed_sst,1985-08-25T12:00:00Z
Monterey Bay,MBNMS,analysed_sst|1985-08-26 12:00:00,15.476135140213097,analysed_sst,1985-08-26T12:00:00Z
Monterey Bay,MBNMS,analysed_sst|1985-08-27 12:00:00,15.243970660216258,analysed_sst,1985-08-27T12:00:00Z
Monterey Bay,MBNMS,analysed_sst|1985-08-28 12:00:00,14.940637658185718,analysed_sst,1985-08-28T12:00:00Z
Monterey Bay,MBNMS,analysed_sst|1985-08-29 12:00:00,15.182920934365407,analysed_sst,1985-08-29T12:00:00Z
Monterey Bay,MBNMS,analysed_sst|1985-08-30 12:00:00,14.927974712024177,analysed_sst,1985-08-30T12:00:00Z
Monterey Bay,MBNMS,analysed_sst|1985-08-31 12:00:00,14.872423070475943,analysed_sst,1985-08-31T12:00:00Z
Monterey Bay,MBNMS,analysed_sst|1985-09-01 12:00:00,14.834883100842685,analysed_sst,1985-09-01T12:00:00Z
Monterey Bay,MBNMS,analysed_sst|1985-09-02 12:00:00,14.651528021310352,analysed_sst,1985-09-02T12:00:00Z
Monterey Bay,MBNMS,analysed_sst|1985-09-03 12:00:00,14.52770053060352,analysed_sst,1985-09-03T12:00:00Z
Monterey Bay,MBNMS,analysed_sst|1985-09-04 12:00:00,14.599684300903228,analysed_sst,1985-09-04T12:00:00Z
Monterey Bay,MBNMS,analysed_sst|1985-09-05 12:00:00,15.08084379970372,analysed_sst,1985-09-05T12:00:00Z
Monterey Bay,MBNMS,analysed_sst|1985-09-06 12:00:00,15.23669987769761,analysed_sst,1985-09-06T12:00:00Z
Monterey Bay,MBNMS,analysed_sst|1985-09-07 12:00:00,15.411562195384517,analysed_sst,1985-09-07T12:00:00Z
Monterey Bay,MBNMS,analysed_sst|1985-04-11 12:00:00,11.636127402822423,analysed_sst,1985-04-11T12:00:00Z
Monterey Bay,MBNMS,analysed_sst|1985-04-12 12:00:00,11.74226843174533,analysed_sst,1985-04-12T12:00:00Z
Monterey Bay,MBNMS,analysed_sst|1985-04-13 12:00:00,11.846561590330287,analysed_sst,1985-04-13T12:00:00Z
Monterey Bay,MBNMS,analysed_sst|1985-04-14 12:00:00,11.911774746645614,analysed_sst,1985-04-14T12:00:00Z
Monterey Bay,MBNMS,analysed_sst|1985-04-15 12:00:00,12.051380444490157,analysed_sst,1985-04-15T12:00:00Z
Monterey Bay,MBNMS,analysed_sst|1985-04-16 12:00:00,12.091955003244324,analysed_sst,1985-04-16T12:00:00Z
Monterey Bay,MBNMS,analysed_sst|1985-04-17 12:00:00,11.987487149920524,analysed_sst,1985-04-17T12:00:00Z
Monterey Bay,MBNMS,analysed_sst|1985-04-18 12:00:00,12.009556128304022,analysed_sst,1985-04-18T12:00:00Z
Monterey Bay,MBNMS,analysed_sst|1985-04-19 12:00:00,12.011812130729888,analysed_sst,1985-04-19T12:00:00Z
Monterey Bay,MBNMS,analysed_sst|1985-04-20 12:00:00,11.900192567612397,analysed_sst,1985-04-20T12:00:00Z
Monterey Bay,MBNMS,analysed_sst|1985-04-21 12:00:00,11.794329465984331,analysed_sst,1985-04-21T12:00:00Z
Monterey Bay,MBNMS,analysed_sst|1985-04-22 12:00:00,11.891481117913054,analysed_sst,1985-04-22T12:00:00Z
Monterey Bay,MBNMS,analysed_sst|1985-04-23 12:00:00,11.652881102956364,analysed_sst,1985-04-23T12:00:00Z
Monterey Bay,MBNMS,analysed_sst|1985-04-24 12:00:00,11.598124496507104,analysed_sst,1985-04-24T12:00:00Z
Monterey Bay,MBNMS,analysed_sst|1985-04-25 12:00:00,11.312804038471644,analysed_sst,1985-04-25T12:00:00Z
Monterey Bay,MBNMS,analysed_sst|1985-04-26 12:00:00,11.243116664934174,analysed_sst,1985-04-26T12:00:00Z
Monterey Bay,MBNMS,analysed_sst|1985-04-27 12:00:00,11.406106092667097,analysed_sst,1985-04-27T12:00:00Z
Monterey Bay,MBNMS,analysed_sst|1985-04-28 12:00:00,11.20973109350815,analysed_sst,1985-04-28T12:00:00Z
Monterey Bay,MBNMS,analysed_sst|1985-04-29 12:00:00,11.2578275640898,analysed_sst,1985-04-29T12:00:00Z
Monterey Bay,MBNMS,analysed_sst|1985-04-30 12:00:00,11.306775492175777,analysed_sst,1985-04-30T12:00:00Z
Monterey Bay,MBNMS,analysed_sst|1985-05-01 12:00:00,11.276818074973239,analysed_sst,1985-05-01T12:00:00Z
Monterey Bay,MBNMS,analysed_sst|1985-05-02 12:00:00,11.294548325401374,analysed_sst,1985-05-02T12:00:00Z
Monterey Bay,MBNMS,analysed_sst|1985-05-03 12:00:00,11.294818314888772,analysed_sst,1985-05-03T12:00:00Z
Monterey Bay,MBNMS,analysed_sst|1985-05-04 12:00:00,11.310473300343048,analysed_sst,1985-05-04T12:00:00Z
Monterey Bay,MBNMS,analysed_sst|1985-05-05 12:00:00,11.161502689665536,analysed_sst,1985-05-05T12:00:00Z
Monterey Bay,MBNMS,analysed_sst|1985-05-06 12:00:00,11.021064335838073,analysed_sst,1985-05-06T12:00:00Z
Monterey Bay,MBNMS,analysed_sst|1985-05-07 12:00:00,11.076014859918933,analysed_sst,1985-05-07T12:00:00Z
Monterey Bay,MBNMS,analysed_sst|1985-05-08 12:00:00,11.112126910148277,analysed_sst,1985-05-08T12:00:00Z
Monterey Bay,MBNMS,analysed_sst|1985-05-09 12:00:00,11.213763031591236,analysed_sst,1985-05-09T12:00:00Z
Monterey Bay,MBNMS,analysed_sst|1985-05-10 12:00:00,11.25806139540254,analysed_sst,1985-05-10T12:00:00Z
Monterey Bay,MBNMS,analysed_sst|1985-05-11 12:00:00,11.290291337743344,analysed_sst,1985-05-11T12:00:00Z
Monterey Bay,MBNMS,analysed_sst|1985-05-12 12:00:00,11.28408316855649,analysed_sst,1985-05-12T12:00:00Z
Monterey Bay,MBNMS,analysed_sst|1985-05-13 12:00:00,11.150380998561971,analysed_sst,1985-05-13T12:00:00Z
Monterey Bay,MBNMS,analysed_sst|1985-05-14 12:00:00,11.167797027712998,analysed_sst,1985-05-14T12:00:00Z
Monterey Bay,MBNMS,analysed_sst|1985-05-15 12:00:00,11.04951082523837,analysed_sst,1985-05-15T12:00:00Z
Monterey Bay,MBNMS,analysed_sst|1985-05-16 12:00:00,11.33042477435606,analysed_sst,1985-05-16T12:00:00Z
Monterey Bay,MBNMS,analysed_sst|1985-05-17 12:00:00,11.57450574651464,analysed_sst,1985-05-17T12:00:00Z
Monterey Bay,MBNMS,analysed_sst|1985-05-18 12:00:00,11.68465151648684,analysed_sst,1985-05-18T12:00:00Z
Monterey Bay,MBNMS,analysed_sst|1985-05-19 12:00:00,11.74579632677135,analysed_sst,1985-05-19T12:00:00Z
Monterey Bay,MBNMS,analysed_sst|1985-05-20 12:00:00,11.779433727739741,analysed_sst,1985-05-20T12:00:00Z
Monterey Bay,MBNMS,analysed_sst|1985-05-21 12:00:00,11.74263681034469,analysed_sst,1985-05-21T12:00:00Z
Monterey Bay,MBNMS,analysed_sst|1985-05-22 12:00:00,11.715040880545116,analysed_sst,1985-05-22T12:00:00Z
Monterey Bay,MBNMS,analysed_sst|1985-05-23 12:00:00,11.730793376012295,analysed_sst,1985-05-23T12:00:00Z
Monterey Bay,MBNMS,analysed_sst|1985-05-24 12:00:00,11.834674866549987,analysed_sst,1985-05-24T12:00:00Z
Monterey Bay,MBNMS,analysed_sst|1985-05-25 12:00:00,12.08396186442813,analysed_sst,1985-05-25T12:00:00Z
Monterey Bay,MBNMS,analysed_sst|1985-05-26 12:00:00,12.14631025890434,analysed_sst,1985-05-26T12:00:00Z
Monterey Bay,MBNMS,analysed_sst|1985-05-27 12:00:00,12.311916248691201,analysed_sst,1985-05-27T12:00:00Z
Monterey Bay,MBNMS,analysed_sst|1985-05-28 12:00:00,12.368621623146321,analysed_sst,1985-05-28T12:00:00Z
Monterey Bay,MBNMS,analysed_sst|1985-05-29 12:00:00,12.721786009835805,analysed_sst,1985-05-29T12:00:00Z
Monterey Bay,MBNMS,analysed_sst|1985-05-30 12:00:00,12.778609596833036,analysed_sst,1985-05-30T12:00:00Z
Monterey Bay,MBNMS,analysed_sst|1985-01-01 12:00:00,12.869046700987615,analysed_sst,1985-01-01T12:00:00Z
Monterey Bay,MBNMS,analysed_sst|1985-01-02 12:00:00,12.643758806328304,analysed_sst,1985-01-02T12:00:00Z
Monterey Bay,MBNMS,analysed_sst|1985-01-03 12:00:00,12.552317464417168,analysed_sst,1985-01-03T12:00:00Z
Monterey Bay,MBNMS,analysed_sst|1985-01-04 12:00:00,12.519273288171656,analysed_sst,1985-01-04T12:00:00Z
Monterey Bay,MBNMS,analysed_sst|1985-01-05 12:00:00,12.45110852467621,analysed_sst,1985-01-05T12:00:00Z
Monterey Bay,MBNMS,analysed_sst|1985-01-06 12:00:00,12.269702080209722,analysed_sst,1985-01-06T12:00:00Z
Monterey Bay,MBNMS,analysed_sst|1985-01-07 12:00:00,12.640153945693433,analysed_sst,1985-01-07T12:00:00Z
Monterey Bay,MBNMS,analysed_sst|1985-01-08 12:00:00,12.633454526241353,analysed_sst,1985-01-08T12:00:00Z
Monterey Bay,MBNMS,analysed_sst|1985-01-09 12:00:00,12.567804665064974,analysed_sst,1985-01-09T12:00:00Z
Monterey Bay,MBNMS,analysed_sst|1985-01-10 12:00:00,12.80434877337295,analysed_sst,1985-01-10T12:00:00Z
Monterey Bay,MBNMS,analysed_sst|1985-01-11 12:00:00,12.920780102245866,analysed_sst,1985-01-11T12:00:00Z
Monterey Bay,MBNMS,analysed_sst|1985-01-12 12:00:00,12.883802682047719,analysed_sst,1985-01-12T12:00:00Z
Monterey Bay,MBNMS,analysed_sst|1985-01-13 12:00:00,12.563086306525953,analysed_sst,1985-01-13T12:00:00Z
Monterey Bay,MBNMS,analysed_sst|1985-01-14 12:00:00,12.732882558825665,analysed_sst,1985-01-14T12:00:00Z
Monterey Bay,MBNMS,analysed_sst|1985-01-15 12:00:00,12.936305093358136,analysed_sst,1985-01-15T12:00:00Z
Monterey Bay,MBNMS,analysed_sst|1985-01-16 12:00:00,13.025896691131232,analysed_sst,1985-01-16T12:00:00Z
Monterey Bay,MBNMS,analysed_sst|1985-01-17 12:00:00,12.864062783968283,analysed_sst,1985-01-17T12:00:00Z
Monterey Bay,MBNMS,analysed_sst|1985-01-18 12:00:00,12.881749217220907,analysed_sst,1985-01-18T12:00:00Z
Monterey Bay,MBNMS,analysed_sst|1985-01-19 12:00:00,12.77403703851245,analysed_sst,1985-01-19T12:00:00Z
Monterey Bay,MBNMS,analysed_sst|1985-01-20 12:00:00,12.796421549487091,analysed_sst,1985-01-20T12:00:00Z
Monterey Bay,MBNMS,analysed_sst|1985-01-21 12:00:00,12.736723806745896,analysed_sst,1985-01-21T12:00:00Z
Monterey Bay,MBNMS,analysed_sst|1985-01-22 12:00:00,12.653806310215435,analysed_sst,1985-01-22T12:00:00Z
Monterey Bay,MBNMS,analysed_sst|1985-01-23 12:00:00,12.441337296188678,analysed_sst,1985-01-23T12:00:00Z
Monterey Bay,MBNMS,analysed_sst|1985-01-24 12:00:00,12.453349911542519,analysed_sst,1985-01-24T12:00:00Z
Monterey Bay,MBNMS,analysed_sst|1985-01-25 12:00:00,12.563953680220658,analysed_sst,1985-01-25T12:00:00Z
Monterey Bay,MBNMS,analysed_sst|1985-01-26 12:00:00,12.412681458048594,analysed_sst,1985-01-26T12:00:00Z
Monterey Bay,MBNMS,analysed_sst|1985-01-27 12:00:00,12.485936255577922,analysed_sst,1985-01-27T12:00:00Z
Monterey Bay,MBNMS,analysed_sst|1985-01-28 12:00:00,12.677889116125916,analysed_sst,1985-01-28T12:00:00Z
Monterey Bay,MBNMS,analysed_sst|1985-01-29 12:00:00,12.762594675979505,analysed_sst,1985-01-29T12:00:00Z
Monterey Bay,MBNMS,analysed_sst|1985-01-30 12:00:00,12.790832450211498,analysed_sst,1985-01-30T12:00:00Z
Monterey Bay,MBNMS,analysed_sst|1985-01-31 12:00:00,12.421905068157997,analysed_sst,1985-01-31T12:00:00Z
Monterey Bay,MBNMS,analysed_sst|1985-02-01 12:00:00,12.078559434597874,analysed_sst,1985-02-01T12:00:00Z
Monterey Bay,MBNMS,analysed_sst|1985-02-02 12:00:00,12.1415124252989,analysed_sst,1985-02-02T12:00:00Z
Monterey Bay,MBNMS,analysed_sst|1985-02-03 12:00:00,12.116098688804101,analysed_sst,1985-02-03T12:00:00Z
Monterey Bay,MBNMS,analysed_sst|1985-02-04 12:00:00,11.999478420689055,analysed_sst,1985-02-04T12:00:00Z
Monterey Bay,MBNMS,analysed_sst|1985-02-05 12:00:00,11.886558514875015,analysed_sst,1985-02-05T12:00:00Z
Monterey Bay,MBNMS,analysed_sst|1985-02-06 12:00:00,11.87380949073654,analysed_sst,1985-02-06T12:00:00Z
Monterey Bay,MBNMS,analysed_sst|1985-02-07 12:00:00,11.862266951260956,analysed_sst,1985-02-07T12:00:00Z
Monterey Bay,MBNMS,analysed_sst|1985-02-08 12:00:00,12.03586604557324,analysed_sst,1985-02-08T12:00:00Z
Monterey Bay,MBNMS,analysed_sst|1985-02-09 12:00:00,12.14678682027394,analysed_sst,1985-02-09T12:00:00Z
Monterey Bay,MBNMS,analysed_sst|1985-02-10 12:00:00,12.265234147024136,analysed_sst,1985-02-10T12:00:00Z
Monterey Bay,MBNMS,analysed_sst|1985-02-11 12:00:00,12.058633935203996,analysed_sst,1985-02-11T12:00:00Z
Monterey Bay,MBNMS,analysed_sst|1985-02-12 12:00:00,11.552780450894954,analysed_sst,1985-02-12T12:00:00Z
Monterey Bay,MBNMS,analysed_sst|1985-02-13 12:00:00,11.960233257262477,analysed_sst,1985-02-13T12:00:00Z
Monterey Bay,MBNMS,analysed_sst|1985-02-14 12:00:00,12.379176185213241,analysed_sst,1985-02-14T12:00:00Z
Monterey Bay,MBNMS,analysed_sst|1985-02-15 12:00:00,12.811492341510363,analysed_sst,1985-02-15T12:00:00Z
Monterey Bay,MBNMS,analysed_sst|1985-02-16 12:00:00,12.555085552207567,analysed_sst,1985-02-16T12:00:00Z
Monterey Bay,MBNMS,analysed_sst|1985-02-17 12:00:00,12.014701921238435,analysed_sst,1985-02-17T12:00:00Z
Monterey Bay,MBNMS,analysed_sst|1985-02-18 12:00:00,11.850514622675247,analysed_sst,1985-02-18T12:00:00Z
Monterey Bay,MBNMS,analysed_sst|1985-02-19 12:00:00,11.952559658998362,analysed_sst,1985-02-19T12:00:00Z
